{"n_clusters": 5, "silhouette_score": 0.3037558478952608, "Inertia": 0.9104762895214457}