{"Number of Clusters": 4, "Silhouette Score": 0.3248057675086619, "Inertia": 0.11255894528503084}