{"Number of Clusters": 4, "Silhouette Score": 0.351686894089539, "Inertia": 1.0119381077919323}