{"n_clusters": 5, "silhouette_score": 0.3052837229273914, "Inertia": 0.9646286197058866, "histograms": {"_type": "histogram", "values": [1, 0, 0, 0, 0, 0, 0, 0, 0, 0, 0, 0, 0, 1, 0, 0, 0, 0, 0, 0, 0, 0, 0, 0, 0, 0, 0, 0, 0, 0, 1, 0, 0, 0, 0, 0, 0, 0, 0, 0, 0, 0, 0, 1, 0, 0, 0, 0, 0, 0, 0, 0, 0, 0, 0, 0, 0, 0, 0, 0, 0, 0, 0, 1], "bins": [5.0, 5.296875, 5.59375, 5.890625, 6.1875, 6.484375, 6.78125, 7.078125, 7.375, 7.671875, 7.96875, 8.265625, 8.5625, 8.859375, 9.15625, 9.453125, 9.75, 10.046875, 10.34375, 10.640625, 10.9375, 11.234375, 11.53125, 11.828125, 12.125, 12.421875, 12.71875, 13.015625, 13.3125, 13.609375, 13.90625, 14.203125, 14.5, 14.796875, 15.09375, 15.390625, 15.6875, 15.984375, 16.28125, 16.578125, 16.875, 17.171875, 17.46875, 17.765625, 18.0625, 18.359375, 18.65625, 18.953125, 19.25, 19.546875, 19.84375, 20.140625, 20.4375, 20.734375, 21.03125, 21.328125, 21.625, 21.921875, 22.21875, 22.515625, 22.8125, 23.109375, 23.40625, 23.703125, 24.0]}, "_runtime": 40, "_timestamp": 1642675707, "_step": 0, "_wandb": {"runtime": 39}}