{"n_clusters": 5, "silhouette_score": 0.3052837229273914, "Inertia": 0.9646286197058866, "_wandb": {"runtime": 33}}