{"n_clusters": 5, "silhouette_score": 0.3052837229273914, "Inertia": 0.9646286197058866, "time series clustered": {"_type": "plotly-file", "path": "media/plotly/time series clustered_0_e815a96ae625f50950d1.plotly.json", "sha256": "e815a96ae625f50950d12356e29ffd66723dc98013c49a3c0dfca6763af07d01", "size": 8560}, "_runtime": 30, "_timestamp": 1642676847, "_step": 0, "_wandb": {"runtime": 38}}